date,loan_amount,btc_percentage,monthly_payment,btc_allocation
2015-01-31,20000,5.0,416.6666666666667,20.833333333333336
2015-02-28,20000,5.0,416.6666666666667,20.833333333333336
2015-03-31,20000,5.0,416.6666666666667,20.833333333333336
2015-04-30,20000,5.0,416.6666666666667,20.833333333333336
2015-05-31,20000,5.0,416.6666666666667,20.833333333333336
2015-06-30,20000,5.0,416.6666666666667,20.833333333333336
2015-07-31,20000,5.0,416.6666666666667,20.833333333333336
2015-08-31,20000,5.0,416.6666666666667,20.833333333333336
2015-09-30,20000,5.0,416.6666666666667,20.833333333333336
2015-10-31,20000,5.0,416.6666666666667,20.833333333333336
2015-11-30,20000,5.0,416.6666666666667,20.833333333333336
2015-12-31,20000,5.0,416.6666666666667,20.833333333333336
2016-01-31,20000,5.0,416.6666666666667,20.833333333333336
2016-02-29,20000,5.0,416.6666666666667,20.833333333333336
2016-03-31,20000,5.0,416.6666666666667,20.833333333333336
2016-04-30,20000,5.0,416.6666666666667,20.833333333333336
2016-05-31,20000,5.0,416.6666666666667,20.833333333333336
2016-06-30,20000,5.0,416.6666666666667,20.833333333333336
2016-07-31,20000,5.0,416.6666666666667,20.833333333333336
2016-08-31,20000,5.0,416.6666666666667,20.833333333333336
2016-09-30,20000,5.0,416.6666666666667,20.833333333333336
2016-10-31,20000,5.0,416.6666666666667,20.833333333333336
2016-11-30,20000,5.0,416.6666666666667,20.833333333333336
2016-12-31,20000,5.0,416.6666666666667,20.833333333333336
2017-01-31,20000,5.0,416.6666666666667,20.833333333333336
2017-02-28,20000,5.0,416.6666666666667,20.833333333333336
2017-03-31,20000,5.0,416.6666666666667,20.833333333333336
2017-04-30,20000,5.0,416.6666666666667,20.833333333333336
2017-05-31,20000,5.0,416.6666666666667,20.833333333333336
2017-06-30,20000,5.0,416.6666666666667,20.833333333333336
2017-07-31,20000,5.0,416.6666666666667,20.833333333333336
2017-08-31,20000,5.0,416.6666666666667,20.833333333333336
2017-09-30,20000,5.0,416.6666666666667,20.833333333333336
2017-10-31,20000,5.0,416.6666666666667,20.833333333333336
2017-11-30,20000,5.0,416.6666666666667,20.833333333333336
2017-12-31,20000,5.0,416.6666666666667,20.833333333333336
2018-01-31,20000,5.0,416.6666666666667,20.833333333333336
2018-02-28,20000,5.0,416.6666666666667,20.833333333333336
2018-03-31,20000,5.0,416.6666666666667,20.833333333333336
2018-04-30,20000,5.0,416.6666666666667,20.833333333333336
2018-05-31,20000,5.0,416.6666666666667,20.833333333333336
2018-06-30,20000,5.0,416.6666666666667,20.833333333333336
2018-07-31,20000,5.0,416.6666666666667,20.833333333333336
2018-08-31,20000,5.0,416.6666666666667,20.833333333333336
2018-09-30,20000,5.0,416.6666666666667,20.833333333333336
2018-10-31,20000,5.0,416.6666666666667,20.833333333333336
2018-11-30,20000,5.0,416.6666666666667,20.833333333333336
2018-12-31,20000,5.0,416.6666666666667,20.833333333333336
2019-01-31,20000,5.0,416.6666666666667,20.833333333333336
2019-02-28,20000,5.0,416.6666666666667,20.833333333333336
2019-03-31,20000,5.0,416.6666666666667,20.833333333333336
2019-04-30,20000,5.0,416.6666666666667,20.833333333333336
2019-05-31,20000,5.0,416.6666666666667,20.833333333333336
2019-06-30,20000,5.0,416.6666666666667,20.833333333333336
2019-07-31,20000,5.0,416.6666666666667,20.833333333333336
2019-08-31,20000,5.0,416.6666666666667,20.833333333333336
2019-09-30,20000,5.0,416.6666666666667,20.833333333333336
2019-10-31,20000,5.0,416.6666666666667,20.833333333333336
2019-11-30,20000,5.0,416.6666666666667,20.833333333333336
2019-12-31,20000,5.0,416.6666666666667,20.833333333333336
2020-01-31,20000,5.0,416.6666666666667,20.833333333333336
2020-02-29,20000,5.0,416.6666666666667,20.833333333333336
2020-03-31,20000,5.0,416.6666666666667,20.833333333333336
2020-04-30,20000,5.0,416.6666666666667,20.833333333333336
2020-05-31,20000,5.0,416.6666666666667,20.833333333333336
2020-06-30,20000,5.0,416.6666666666667,20.833333333333336
2020-07-31,20000,5.0,416.6666666666667,20.833333333333336
2020-08-31,20000,5.0,416.6666666666667,20.833333333333336
2020-09-30,20000,5.0,416.6666666666667,20.833333333333336
2020-10-31,20000,5.0,416.6666666666667,20.833333333333336
2020-11-30,20000,5.0,416.6666666666667,20.833333333333336
2020-12-31,20000,5.0,416.6666666666667,20.833333333333336
2021-01-31,20000,5.0,416.6666666666667,20.833333333333336
2021-02-28,20000,5.0,416.6666666666667,20.833333333333336
2021-03-31,20000,5.0,416.6666666666667,20.833333333333336
2021-04-30,20000,5.0,416.6666666666667,20.833333333333336
2021-05-31,20000,5.0,416.6666666666667,20.833333333333336
2021-06-30,20000,5.0,416.6666666666667,20.833333333333336
2021-07-31,20000,5.0,416.6666666666667,20.833333333333336
2021-08-31,20000,5.0,416.6666666666667,20.833333333333336
2021-09-30,20000,5.0,416.6666666666667,20.833333333333336
2021-10-31,20000,5.0,416.6666666666667,20.833333333333336
2021-11-30,20000,5.0,416.6666666666667,20.833333333333336
2021-12-31,20000,5.0,416.6666666666667,20.833333333333336
2022-01-31,20000,5.0,416.6666666666667,20.833333333333336
2022-02-28,20000,5.0,416.6666666666667,20.833333333333336
2022-03-31,20000,5.0,416.6666666666667,20.833333333333336
2022-04-30,20000,5.0,416.6666666666667,20.833333333333336
2022-05-31,20000,5.0,416.6666666666667,20.833333333333336
2022-06-30,20000,5.0,416.6666666666667,20.833333333333336
2022-07-31,20000,5.0,416.6666666666667,20.833333333333336
2022-08-31,20000,5.0,416.6666666666667,20.833333333333336
2022-09-30,20000,5.0,416.6666666666667,20.833333333333336
2022-10-31,20000,5.0,416.6666666666667,20.833333333333336
2022-11-30,20000,5.0,416.6666666666667,20.833333333333336
2022-12-31,20000,5.0,416.6666666666667,20.833333333333336
2023-01-31,20000,5.0,416.6666666666667,20.833333333333336
2023-02-28,20000,5.0,416.6666666666667,20.833333333333336
2023-03-31,20000,5.0,416.6666666666667,20.833333333333336
2023-04-30,20000,5.0,416.6666666666667,20.833333333333336
2023-05-31,20000,5.0,416.6666666666667,20.833333333333336
2023-06-30,20000,5.0,416.6666666666667,20.833333333333336
2023-07-31,20000,5.0,416.6666666666667,20.833333333333336
2023-08-31,20000,5.0,416.6666666666667,20.833333333333336
2023-09-30,20000,5.0,416.6666666666667,20.833333333333336
2023-10-31,20000,5.0,416.6666666666667,20.833333333333336
2023-11-30,20000,5.0,416.6666666666667,20.833333333333336
2023-12-31,20000,5.0,416.6666666666667,20.833333333333336
2015-01-31,20000,7.5,416.6666666666667,31.25
2015-02-28,20000,7.5,416.6666666666667,31.25
2015-03-31,20000,7.5,416.6666666666667,31.25
2015-04-30,20000,7.5,416.6666666666667,31.25
2015-05-31,20000,7.5,416.6666666666667,31.25
2015-06-30,20000,7.5,416.6666666666667,31.25
2015-07-31,20000,7.5,416.6666666666667,31.25
2015-08-31,20000,7.5,416.6666666666667,31.25
2015-09-30,20000,7.5,416.6666666666667,31.25
2015-10-31,20000,7.5,416.6666666666667,31.25
2015-11-30,20000,7.5,416.6666666666667,31.25
2015-12-31,20000,7.5,416.6666666666667,31.25
2016-01-31,20000,7.5,416.6666666666667,31.25
2016-02-29,20000,7.5,416.6666666666667,31.25
2016-03-31,20000,7.5,416.6666666666667,31.25
2016-04-30,20000,7.5,416.6666666666667,31.25
2016-05-31,20000,7.5,416.6666666666667,31.25
2016-06-30,20000,7.5,416.6666666666667,31.25
2016-07-31,20000,7.5,416.6666666666667,31.25
2016-08-31,20000,7.5,416.6666666666667,31.25
2016-09-30,20000,7.5,416.6666666666667,31.25
2016-10-31,20000,7.5,416.6666666666667,31.25
2016-11-30,20000,7.5,416.6666666666667,31.25
2016-12-31,20000,7.5,416.6666666666667,31.25
2017-01-31,20000,7.5,416.6666666666667,31.25
2017-02-28,20000,7.5,416.6666666666667,31.25
2017-03-31,20000,7.5,416.6666666666667,31.25
2017-04-30,20000,7.5,416.6666666666667,31.25
2017-05-31,20000,7.5,416.6666666666667,31.25
2017-06-30,20000,7.5,416.6666666666667,31.25
2017-07-31,20000,7.5,416.6666666666667,31.25
2017-08-31,20000,7.5,416.6666666666667,31.25
2017-09-30,20000,7.5,416.6666666666667,31.25
2017-10-31,20000,7.5,416.6666666666667,31.25
2017-11-30,20000,7.5,416.6666666666667,31.25
2017-12-31,20000,7.5,416.6666666666667,31.25
2018-01-31,20000,7.5,416.6666666666667,31.25
2018-02-28,20000,7.5,416.6666666666667,31.25
2018-03-31,20000,7.5,416.6666666666667,31.25
2018-04-30,20000,7.5,416.6666666666667,31.25
2018-05-31,20000,7.5,416.6666666666667,31.25
2018-06-30,20000,7.5,416.6666666666667,31.25
2018-07-31,20000,7.5,416.6666666666667,31.25
2018-08-31,20000,7.5,416.6666666666667,31.25
2018-09-30,20000,7.5,416.6666666666667,31.25
2018-10-31,20000,7.5,416.6666666666667,31.25
2018-11-30,20000,7.5,416.6666666666667,31.25
2018-12-31,20000,7.5,416.6666666666667,31.25
2019-01-31,20000,7.5,416.6666666666667,31.25
2019-02-28,20000,7.5,416.6666666666667,31.25
2019-03-31,20000,7.5,416.6666666666667,31.25
2019-04-30,20000,7.5,416.6666666666667,31.25
2019-05-31,20000,7.5,416.6666666666667,31.25
2019-06-30,20000,7.5,416.6666666666667,31.25
2019-07-31,20000,7.5,416.6666666666667,31.25
2019-08-31,20000,7.5,416.6666666666667,31.25
2019-09-30,20000,7.5,416.6666666666667,31.25
2019-10-31,20000,7.5,416.6666666666667,31.25
2019-11-30,20000,7.5,416.6666666666667,31.25
2019-12-31,20000,7.5,416.6666666666667,31.25
2020-01-31,20000,7.5,416.6666666666667,31.25
2020-02-29,20000,7.5,416.6666666666667,31.25
2020-03-31,20000,7.5,416.6666666666667,31.25
2020-04-30,20000,7.5,416.6666666666667,31.25
2020-05-31,20000,7.5,416.6666666666667,31.25
2020-06-30,20000,7.5,416.6666666666667,31.25
2020-07-31,20000,7.5,416.6666666666667,31.25
2020-08-31,20000,7.5,416.6666666666667,31.25
2020-09-30,20000,7.5,416.6666666666667,31.25
2020-10-31,20000,7.5,416.6666666666667,31.25
2020-11-30,20000,7.5,416.6666666666667,31.25
2020-12-31,20000,7.5,416.6666666666667,31.25
2021-01-31,20000,7.5,416.6666666666667,31.25
2021-02-28,20000,7.5,416.6666666666667,31.25
2021-03-31,20000,7.5,416.6666666666667,31.25
2021-04-30,20000,7.5,416.6666666666667,31.25
2021-05-31,20000,7.5,416.6666666666667,31.25
2021-06-30,20000,7.5,416.6666666666667,31.25
2021-07-31,20000,7.5,416.6666666666667,31.25
2021-08-31,20000,7.5,416.6666666666667,31.25
2021-09-30,20000,7.5,416.6666666666667,31.25
2021-10-31,20000,7.5,416.6666666666667,31.25
2021-11-30,20000,7.5,416.6666666666667,31.25
2021-12-31,20000,7.5,416.6666666666667,31.25
2022-01-31,20000,7.5,416.6666666666667,31.25
2022-02-28,20000,7.5,416.6666666666667,31.25
2022-03-31,20000,7.5,416.6666666666667,31.25
2022-04-30,20000,7.5,416.6666666666667,31.25
2022-05-31,20000,7.5,416.6666666666667,31.25
2022-06-30,20000,7.5,416.6666666666667,31.25
2022-07-31,20000,7.5,416.6666666666667,31.25
2022-08-31,20000,7.5,416.6666666666667,31.25
2022-09-30,20000,7.5,416.6666666666667,31.25
2022-10-31,20000,7.5,416.6666666666667,31.25
2022-11-30,20000,7.5,416.6666666666667,31.25
2022-12-31,20000,7.5,416.6666666666667,31.25
2023-01-31,20000,7.5,416.6666666666667,31.25
2023-02-28,20000,7.5,416.6666666666667,31.25
2023-03-31,20000,7.5,416.6666666666667,31.25
2023-04-30,20000,7.5,416.6666666666667,31.25
2023-05-31,20000,7.5,416.6666666666667,31.25
2023-06-30,20000,7.5,416.6666666666667,31.25
2023-07-31,20000,7.5,416.6666666666667,31.25
2023-08-31,20000,7.5,416.6666666666667,31.25
2023-09-30,20000,7.5,416.6666666666667,31.25
2023-10-31,20000,7.5,416.6666666666667,31.25
2023-11-30,20000,7.5,416.6666666666667,31.25
2023-12-31,20000,7.5,416.6666666666667,31.25
2015-01-31,20000,10.0,416.6666666666667,41.66666666666667
2015-02-28,20000,10.0,416.6666666666667,41.66666666666667
2015-03-31,20000,10.0,416.6666666666667,41.66666666666667
2015-04-30,20000,10.0,416.6666666666667,41.66666666666667
2015-05-31,20000,10.0,416.6666666666667,41.66666666666667
2015-06-30,20000,10.0,416.6666666666667,41.66666666666667
2015-07-31,20000,10.0,416.6666666666667,41.66666666666667
2015-08-31,20000,10.0,416.6666666666667,41.66666666666667
2015-09-30,20000,10.0,416.6666666666667,41.66666666666667
2015-10-31,20000,10.0,416.6666666666667,41.66666666666667
2015-11-30,20000,10.0,416.6666666666667,41.66666666666667
2015-12-31,20000,10.0,416.6666666666667,41.66666666666667
2016-01-31,20000,10.0,416.6666666666667,41.66666666666667
2016-02-29,20000,10.0,416.6666666666667,41.66666666666667
2016-03-31,20000,10.0,416.6666666666667,41.66666666666667
2016-04-30,20000,10.0,416.6666666666667,41.66666666666667
2016-05-31,20000,10.0,416.6666666666667,41.66666666666667
2016-06-30,20000,10.0,416.6666666666667,41.66666666666667
2016-07-31,20000,10.0,416.6666666666667,41.66666666666667
2016-08-31,20000,10.0,416.6666666666667,41.66666666666667
2016-09-30,20000,10.0,416.6666666666667,41.66666666666667
2016-10-31,20000,10.0,416.6666666666667,41.66666666666667
2016-11-30,20000,10.0,416.6666666666667,41.66666666666667
2016-12-31,20000,10.0,416.6666666666667,41.66666666666667
2017-01-31,20000,10.0,416.6666666666667,41.66666666666667
2017-02-28,20000,10.0,416.6666666666667,41.66666666666667
2017-03-31,20000,10.0,416.6666666666667,41.66666666666667
2017-04-30,20000,10.0,416.6666666666667,41.66666666666667
2017-05-31,20000,10.0,416.6666666666667,41.66666666666667
2017-06-30,20000,10.0,416.6666666666667,41.66666666666667
2017-07-31,20000,10.0,416.6666666666667,41.66666666666667
2017-08-31,20000,10.0,416.6666666666667,41.66666666666667
2017-09-30,20000,10.0,416.6666666666667,41.66666666666667
2017-10-31,20000,10.0,416.6666666666667,41.66666666666667
2017-11-30,20000,10.0,416.6666666666667,41.66666666666667
2017-12-31,20000,10.0,416.6666666666667,41.66666666666667
2018-01-31,20000,10.0,416.6666666666667,41.66666666666667
2018-02-28,20000,10.0,416.6666666666667,41.66666666666667
2018-03-31,20000,10.0,416.6666666666667,41.66666666666667
2018-04-30,20000,10.0,416.6666666666667,41.66666666666667
2018-05-31,20000,10.0,416.6666666666667,41.66666666666667
2018-06-30,20000,10.0,416.6666666666667,41.66666666666667
2018-07-31,20000,10.0,416.6666666666667,41.66666666666667
2018-08-31,20000,10.0,416.6666666666667,41.66666666666667
2018-09-30,20000,10.0,416.6666666666667,41.66666666666667
2018-10-31,20000,10.0,416.6666666666667,41.66666666666667
2018-11-30,20000,10.0,416.6666666666667,41.66666666666667
2018-12-31,20000,10.0,416.6666666666667,41.66666666666667
2019-01-31,20000,10.0,416.6666666666667,41.66666666666667
2019-02-28,20000,10.0,416.6666666666667,41.66666666666667
2019-03-31,20000,10.0,416.6666666666667,41.66666666666667
2019-04-30,20000,10.0,416.6666666666667,41.66666666666667
2019-05-31,20000,10.0,416.6666666666667,41.66666666666667
2019-06-30,20000,10.0,416.6666666666667,41.66666666666667
2019-07-31,20000,10.0,416.6666666666667,41.66666666666667
2019-08-31,20000,10.0,416.6666666666667,41.66666666666667
2019-09-30,20000,10.0,416.6666666666667,41.66666666666667
2019-10-31,20000,10.0,416.6666666666667,41.66666666666667
2019-11-30,20000,10.0,416.6666666666667,41.66666666666667
2019-12-31,20000,10.0,416.6666666666667,41.66666666666667
2020-01-31,20000,10.0,416.6666666666667,41.66666666666667
2020-02-29,20000,10.0,416.6666666666667,41.66666666666667
2020-03-31,20000,10.0,416.6666666666667,41.66666666666667
2020-04-30,20000,10.0,416.6666666666667,41.66666666666667
2020-05-31,20000,10.0,416.6666666666667,41.66666666666667
2020-06-30,20000,10.0,416.6666666666667,41.66666666666667
2020-07-31,20000,10.0,416.6666666666667,41.66666666666667
2020-08-31,20000,10.0,416.6666666666667,41.66666666666667
2020-09-30,20000,10.0,416.6666666666667,41.66666666666667
2020-10-31,20000,10.0,416.6666666666667,41.66666666666667
2020-11-30,20000,10.0,416.6666666666667,41.66666666666667
2020-12-31,20000,10.0,416.6666666666667,41.66666666666667
2021-01-31,20000,10.0,416.6666666666667,41.66666666666667
2021-02-28,20000,10.0,416.6666666666667,41.66666666666667
2021-03-31,20000,10.0,416.6666666666667,41.66666666666667
2021-04-30,20000,10.0,416.6666666666667,41.66666666666667
2021-05-31,20000,10.0,416.6666666666667,41.66666666666667
2021-06-30,20000,10.0,416.6666666666667,41.66666666666667
2021-07-31,20000,10.0,416.6666666666667,41.66666666666667
2021-08-31,20000,10.0,416.6666666666667,41.66666666666667
2021-09-30,20000,10.0,416.6666666666667,41.66666666666667
2021-10-31,20000,10.0,416.6666666666667,41.66666666666667
2021-11-30,20000,10.0,416.6666666666667,41.66666666666667
2021-12-31,20000,10.0,416.6666666666667,41.66666666666667
2022-01-31,20000,10.0,416.6666666666667,41.66666666666667
2022-02-28,20000,10.0,416.6666666666667,41.66666666666667
2022-03-31,20000,10.0,416.6666666666667,41.66666666666667
2022-04-30,20000,10.0,416.6666666666667,41.66666666666667
2022-05-31,20000,10.0,416.6666666666667,41.66666666666667
2022-06-30,20000,10.0,416.6666666666667,41.66666666666667
2022-07-31,20000,10.0,416.6666666666667,41.66666666666667
2022-08-31,20000,10.0,416.6666666666667,41.66666666666667
2022-09-30,20000,10.0,416.6666666666667,41.66666666666667
2022-10-31,20000,10.0,416.6666666666667,41.66666666666667
2022-11-30,20000,10.0,416.6666666666667,41.66666666666667
2022-12-31,20000,10.0,416.6666666666667,41.66666666666667
2023-01-31,20000,10.0,416.6666666666667,41.66666666666667
2023-02-28,20000,10.0,416.6666666666667,41.66666666666667
2023-03-31,20000,10.0,416.6666666666667,41.66666666666667
2023-04-30,20000,10.0,416.6666666666667,41.66666666666667
2023-05-31,20000,10.0,416.6666666666667,41.66666666666667
2023-06-30,20000,10.0,416.6666666666667,41.66666666666667
2023-07-31,20000,10.0,416.6666666666667,41.66666666666667
2023-08-31,20000,10.0,416.6666666666667,41.66666666666667
2023-09-30,20000,10.0,416.6666666666667,41.66666666666667
2023-10-31,20000,10.0,416.6666666666667,41.66666666666667
2023-11-30,20000,10.0,416.6666666666667,41.66666666666667
2023-12-31,20000,10.0,416.6666666666667,41.66666666666667
2015-01-31,35000,5.0,729.1666666666666,36.458333333333336
2015-02-28,35000,5.0,729.1666666666666,36.458333333333336
2015-03-31,35000,5.0,729.1666666666666,36.458333333333336
2015-04-30,35000,5.0,729.1666666666666,36.458333333333336
2015-05-31,35000,5.0,729.1666666666666,36.458333333333336
2015-06-30,35000,5.0,729.1666666666666,36.458333333333336
2015-07-31,35000,5.0,729.1666666666666,36.458333333333336
2015-08-31,35000,5.0,729.1666666666666,36.458333333333336
2015-09-30,35000,5.0,729.1666666666666,36.458333333333336
2015-10-31,35000,5.0,729.1666666666666,36.458333333333336
2015-11-30,35000,5.0,729.1666666666666,36.458333333333336
2015-12-31,35000,5.0,729.1666666666666,36.458333333333336
2016-01-31,35000,5.0,729.1666666666666,36.458333333333336
2016-02-29,35000,5.0,729.1666666666666,36.458333333333336
2016-03-31,35000,5.0,729.1666666666666,36.458333333333336
2016-04-30,35000,5.0,729.1666666666666,36.458333333333336
2016-05-31,35000,5.0,729.1666666666666,36.458333333333336
2016-06-30,35000,5.0,729.1666666666666,36.458333333333336
2016-07-31,35000,5.0,729.1666666666666,36.458333333333336
2016-08-31,35000,5.0,729.1666666666666,36.458333333333336
2016-09-30,35000,5.0,729.1666666666666,36.458333333333336
2016-10-31,35000,5.0,729.1666666666666,36.458333333333336
2016-11-30,35000,5.0,729.1666666666666,36.458333333333336
2016-12-31,35000,5.0,729.1666666666666,36.458333333333336
2017-01-31,35000,5.0,729.1666666666666,36.458333333333336
2017-02-28,35000,5.0,729.1666666666666,36.458333333333336
2017-03-31,35000,5.0,729.1666666666666,36.458333333333336
2017-04-30,35000,5.0,729.1666666666666,36.458333333333336
2017-05-31,35000,5.0,729.1666666666666,36.458333333333336
2017-06-30,35000,5.0,729.1666666666666,36.458333333333336
2017-07-31,35000,5.0,729.1666666666666,36.458333333333336
2017-08-31,35000,5.0,729.1666666666666,36.458333333333336
2017-09-30,35000,5.0,729.1666666666666,36.458333333333336
2017-10-31,35000,5.0,729.1666666666666,36.458333333333336
2017-11-30,35000,5.0,729.1666666666666,36.458333333333336
2017-12-31,35000,5.0,729.1666666666666,36.458333333333336
2018-01-31,35000,5.0,729.1666666666666,36.458333333333336
2018-02-28,35000,5.0,729.1666666666666,36.458333333333336
2018-03-31,35000,5.0,729.1666666666666,36.458333333333336
2018-04-30,35000,5.0,729.1666666666666,36.458333333333336
2018-05-31,35000,5.0,729.1666666666666,36.458333333333336
2018-06-30,35000,5.0,729.1666666666666,36.458333333333336
2018-07-31,35000,5.0,729.1666666666666,36.458333333333336
2018-08-31,35000,5.0,729.1666666666666,36.458333333333336
2018-09-30,35000,5.0,729.1666666666666,36.458333333333336
2018-10-31,35000,5.0,729.1666666666666,36.458333333333336
2018-11-30,35000,5.0,729.1666666666666,36.458333333333336
2018-12-31,35000,5.0,729.1666666666666,36.458333333333336
2019-01-31,35000,5.0,729.1666666666666,36.458333333333336
2019-02-28,35000,5.0,729.1666666666666,36.458333333333336
2019-03-31,35000,5.0,729.1666666666666,36.458333333333336
2019-04-30,35000,5.0,729.1666666666666,36.458333333333336
2019-05-31,35000,5.0,729.1666666666666,36.458333333333336
2019-06-30,35000,5.0,729.1666666666666,36.458333333333336
2019-07-31,35000,5.0,729.1666666666666,36.458333333333336
2019-08-31,35000,5.0,729.1666666666666,36.458333333333336
2019-09-30,35000,5.0,729.1666666666666,36.458333333333336
2019-10-31,35000,5.0,729.1666666666666,36.458333333333336
2019-11-30,35000,5.0,729.1666666666666,36.458333333333336
2019-12-31,35000,5.0,729.1666666666666,36.458333333333336
2020-01-31,35000,5.0,729.1666666666666,36.458333333333336
2020-02-29,35000,5.0,729.1666666666666,36.458333333333336
2020-03-31,35000,5.0,729.1666666666666,36.458333333333336
2020-04-30,35000,5.0,729.1666666666666,36.458333333333336
2020-05-31,35000,5.0,729.1666666666666,36.458333333333336
2020-06-30,35000,5.0,729.1666666666666,36.458333333333336
2020-07-31,35000,5.0,729.1666666666666,36.458333333333336
2020-08-31,35000,5.0,729.1666666666666,36.458333333333336
2020-09-30,35000,5.0,729.1666666666666,36.458333333333336
2020-10-31,35000,5.0,729.1666666666666,36.458333333333336
2020-11-30,35000,5.0,729.1666666666666,36.458333333333336
2020-12-31,35000,5.0,729.1666666666666,36.458333333333336
2021-01-31,35000,5.0,729.1666666666666,36.458333333333336
2021-02-28,35000,5.0,729.1666666666666,36.458333333333336
2021-03-31,35000,5.0,729.1666666666666,36.458333333333336
2021-04-30,35000,5.0,729.1666666666666,36.458333333333336
2021-05-31,35000,5.0,729.1666666666666,36.458333333333336
2021-06-30,35000,5.0,729.1666666666666,36.458333333333336
2021-07-31,35000,5.0,729.1666666666666,36.458333333333336
2021-08-31,35000,5.0,729.1666666666666,36.458333333333336
2021-09-30,35000,5.0,729.1666666666666,36.458333333333336
2021-10-31,35000,5.0,729.1666666666666,36.458333333333336
2021-11-30,35000,5.0,729.1666666666666,36.458333333333336
2021-12-31,35000,5.0,729.1666666666666,36.458333333333336
2022-01-31,35000,5.0,729.1666666666666,36.458333333333336
2022-02-28,35000,5.0,729.1666666666666,36.458333333333336
2022-03-31,35000,5.0,729.1666666666666,36.458333333333336
2022-04-30,35000,5.0,729.1666666666666,36.458333333333336
2022-05-31,35000,5.0,729.1666666666666,36.458333333333336
2022-06-30,35000,5.0,729.1666666666666,36.458333333333336
2022-07-31,35000,5.0,729.1666666666666,36.458333333333336
2022-08-31,35000,5.0,729.1666666666666,36.458333333333336
2022-09-30,35000,5.0,729.1666666666666,36.458333333333336
2022-10-31,35000,5.0,729.1666666666666,36.458333333333336
2022-11-30,35000,5.0,729.1666666666666,36.458333333333336
2022-12-31,35000,5.0,729.1666666666666,36.458333333333336
2023-01-31,35000,5.0,729.1666666666666,36.458333333333336
2023-02-28,35000,5.0,729.1666666666666,36.458333333333336
2023-03-31,35000,5.0,729.1666666666666,36.458333333333336
2023-04-30,35000,5.0,729.1666666666666,36.458333333333336
2023-05-31,35000,5.0,729.1666666666666,36.458333333333336
2023-06-30,35000,5.0,729.1666666666666,36.458333333333336
2023-07-31,35000,5.0,729.1666666666666,36.458333333333336
2023-08-31,35000,5.0,729.1666666666666,36.458333333333336
2023-09-30,35000,5.0,729.1666666666666,36.458333333333336
2023-10-31,35000,5.0,729.1666666666666,36.458333333333336
2023-11-30,35000,5.0,729.1666666666666,36.458333333333336
2023-12-31,35000,5.0,729.1666666666666,36.458333333333336
2015-01-31,35000,7.5,729.1666666666666,54.68749999999999
2015-02-28,35000,7.5,729.1666666666666,54.68749999999999
2015-03-31,35000,7.5,729.1666666666666,54.68749999999999
2015-04-30,35000,7.5,729.1666666666666,54.68749999999999
2015-05-31,35000,7.5,729.1666666666666,54.68749999999999
2015-06-30,35000,7.5,729.1666666666666,54.68749999999999
2015-07-31,35000,7.5,729.1666666666666,54.68749999999999
2015-08-31,35000,7.5,729.1666666666666,54.68749999999999
2015-09-30,35000,7.5,729.1666666666666,54.68749999999999
2015-10-31,35000,7.5,729.1666666666666,54.68749999999999
2015-11-30,35000,7.5,729.1666666666666,54.68749999999999
2015-12-31,35000,7.5,729.1666666666666,54.68749999999999
2016-01-31,35000,7.5,729.1666666666666,54.68749999999999
2016-02-29,35000,7.5,729.1666666666666,54.68749999999999
2016-03-31,35000,7.5,729.1666666666666,54.68749999999999
2016-04-30,35000,7.5,729.1666666666666,54.68749999999999
2016-05-31,35000,7.5,729.1666666666666,54.68749999999999
2016-06-30,35000,7.5,729.1666666666666,54.68749999999999
2016-07-31,35000,7.5,729.1666666666666,54.68749999999999
2016-08-31,35000,7.5,729.1666666666666,54.68749999999999
2016-09-30,35000,7.5,729.1666666666666,54.68749999999999
2016-10-31,35000,7.5,729.1666666666666,54.68749999999999
2016-11-30,35000,7.5,729.1666666666666,54.68749999999999
2016-12-31,35000,7.5,729.1666666666666,54.68749999999999
2017-01-31,35000,7.5,729.1666666666666,54.68749999999999
2017-02-28,35000,7.5,729.1666666666666,54.68749999999999
2017-03-31,35000,7.5,729.1666666666666,54.68749999999999
2017-04-30,35000,7.5,729.1666666666666,54.68749999999999
2017-05-31,35000,7.5,729.1666666666666,54.68749999999999
2017-06-30,35000,7.5,729.1666666666666,54.68749999999999
2017-07-31,35000,7.5,729.1666666666666,54.68749999999999
2017-08-31,35000,7.5,729.1666666666666,54.68749999999999
2017-09-30,35000,7.5,729.1666666666666,54.68749999999999
2017-10-31,35000,7.5,729.1666666666666,54.68749999999999
2017-11-30,35000,7.5,729.1666666666666,54.68749999999999
2017-12-31,35000,7.5,729.1666666666666,54.68749999999999
2018-01-31,35000,7.5,729.1666666666666,54.68749999999999
2018-02-28,35000,7.5,729.1666666666666,54.68749999999999
2018-03-31,35000,7.5,729.1666666666666,54.68749999999999
2018-04-30,35000,7.5,729.1666666666666,54.68749999999999
2018-05-31,35000,7.5,729.1666666666666,54.68749999999999
2018-06-30,35000,7.5,729.1666666666666,54.68749999999999
2018-07-31,35000,7.5,729.1666666666666,54.68749999999999
2018-08-31,35000,7.5,729.1666666666666,54.68749999999999
2018-09-30,35000,7.5,729.1666666666666,54.68749999999999
2018-10-31,35000,7.5,729.1666666666666,54.68749999999999
2018-11-30,35000,7.5,729.1666666666666,54.68749999999999
2018-12-31,35000,7.5,729.1666666666666,54.68749999999999
2019-01-31,35000,7.5,729.1666666666666,54.68749999999999
2019-02-28,35000,7.5,729.1666666666666,54.68749999999999
2019-03-31,35000,7.5,729.1666666666666,54.68749999999999
2019-04-30,35000,7.5,729.1666666666666,54.68749999999999
2019-05-31,35000,7.5,729.1666666666666,54.68749999999999
2019-06-30,35000,7.5,729.1666666666666,54.68749999999999
2019-07-31,35000,7.5,729.1666666666666,54.68749999999999
2019-08-31,35000,7.5,729.1666666666666,54.68749999999999
2019-09-30,35000,7.5,729.1666666666666,54.68749999999999
2019-10-31,35000,7.5,729.1666666666666,54.68749999999999
2019-11-30,35000,7.5,729.1666666666666,54.68749999999999
2019-12-31,35000,7.5,729.1666666666666,54.68749999999999
2020-01-31,35000,7.5,729.1666666666666,54.68749999999999
2020-02-29,35000,7.5,729.1666666666666,54.68749999999999
2020-03-31,35000,7.5,729.1666666666666,54.68749999999999
2020-04-30,35000,7.5,729.1666666666666,54.68749999999999
2020-05-31,35000,7.5,729.1666666666666,54.68749999999999
2020-06-30,35000,7.5,729.1666666666666,54.68749999999999
2020-07-31,35000,7.5,729.1666666666666,54.68749999999999
2020-08-31,35000,7.5,729.1666666666666,54.68749999999999
2020-09-30,35000,7.5,729.1666666666666,54.68749999999999
2020-10-31,35000,7.5,729.1666666666666,54.68749999999999
2020-11-30,35000,7.5,729.1666666666666,54.68749999999999
2020-12-31,35000,7.5,729.1666666666666,54.68749999999999
2021-01-31,35000,7.5,729.1666666666666,54.68749999999999
2021-02-28,35000,7.5,729.1666666666666,54.68749999999999
2021-03-31,35000,7.5,729.1666666666666,54.68749999999999
2021-04-30,35000,7.5,729.1666666666666,54.68749999999999
2021-05-31,35000,7.5,729.1666666666666,54.68749999999999
2021-06-30,35000,7.5,729.1666666666666,54.68749999999999
2021-07-31,35000,7.5,729.1666666666666,54.68749999999999
2021-08-31,35000,7.5,729.1666666666666,54.68749999999999
2021-09-30,35000,7.5,729.1666666666666,54.68749999999999
2021-10-31,35000,7.5,729.1666666666666,54.68749999999999
2021-11-30,35000,7.5,729.1666666666666,54.68749999999999
2021-12-31,35000,7.5,729.1666666666666,54.68749999999999
2022-01-31,35000,7.5,729.1666666666666,54.68749999999999
2022-02-28,35000,7.5,729.1666666666666,54.68749999999999
2022-03-31,35000,7.5,729.1666666666666,54.68749999999999
2022-04-30,35000,7.5,729.1666666666666,54.68749999999999
2022-05-31,35000,7.5,729.1666666666666,54.68749999999999
2022-06-30,35000,7.5,729.1666666666666,54.68749999999999
2022-07-31,35000,7.5,729.1666666666666,54.68749999999999
2022-08-31,35000,7.5,729.1666666666666,54.68749999999999
2022-09-30,35000,7.5,729.1666666666666,54.68749999999999
2022-10-31,35000,7.5,729.1666666666666,54.68749999999999
2022-11-30,35000,7.5,729.1666666666666,54.68749999999999
2022-12-31,35000,7.5,729.1666666666666,54.68749999999999
2023-01-31,35000,7.5,729.1666666666666,54.68749999999999
2023-02-28,35000,7.5,729.1666666666666,54.68749999999999
2023-03-31,35000,7.5,729.1666666666666,54.68749999999999
2023-04-30,35000,7.5,729.1666666666666,54.68749999999999
2023-05-31,35000,7.5,729.1666666666666,54.68749999999999
2023-06-30,35000,7.5,729.1666666666666,54.68749999999999
2023-07-31,35000,7.5,729.1666666666666,54.68749999999999
2023-08-31,35000,7.5,729.1666666666666,54.68749999999999
2023-09-30,35000,7.5,729.1666666666666,54.68749999999999
2023-10-31,35000,7.5,729.1666666666666,54.68749999999999
2023-11-30,35000,7.5,729.1666666666666,54.68749999999999
2023-12-31,35000,7.5,729.1666666666666,54.68749999999999
2015-01-31,35000,10.0,729.1666666666666,72.91666666666667
2015-02-28,35000,10.0,729.1666666666666,72.91666666666667
2015-03-31,35000,10.0,729.1666666666666,72.91666666666667
2015-04-30,35000,10.0,729.1666666666666,72.91666666666667
2015-05-31,35000,10.0,729.1666666666666,72.91666666666667
2015-06-30,35000,10.0,729.1666666666666,72.91666666666667
2015-07-31,35000,10.0,729.1666666666666,72.91666666666667
2015-08-31,35000,10.0,729.1666666666666,72.91666666666667
2015-09-30,35000,10.0,729.1666666666666,72.91666666666667
2015-10-31,35000,10.0,729.1666666666666,72.91666666666667
2015-11-30,35000,10.0,729.1666666666666,72.91666666666667
2015-12-31,35000,10.0,729.1666666666666,72.91666666666667
2016-01-31,35000,10.0,729.1666666666666,72.91666666666667
2016-02-29,35000,10.0,729.1666666666666,72.91666666666667
2016-03-31,35000,10.0,729.1666666666666,72.91666666666667
2016-04-30,35000,10.0,729.1666666666666,72.91666666666667
2016-05-31,35000,10.0,729.1666666666666,72.91666666666667
2016-06-30,35000,10.0,729.1666666666666,72.91666666666667
2016-07-31,35000,10.0,729.1666666666666,72.91666666666667
2016-08-31,35000,10.0,729.1666666666666,72.91666666666667
2016-09-30,35000,10.0,729.1666666666666,72.91666666666667
2016-10-31,35000,10.0,729.1666666666666,72.91666666666667
2016-11-30,35000,10.0,729.1666666666666,72.91666666666667
2016-12-31,35000,10.0,729.1666666666666,72.91666666666667
2017-01-31,35000,10.0,729.1666666666666,72.91666666666667
2017-02-28,35000,10.0,729.1666666666666,72.91666666666667
2017-03-31,35000,10.0,729.1666666666666,72.91666666666667
2017-04-30,35000,10.0,729.1666666666666,72.91666666666667
2017-05-31,35000,10.0,729.1666666666666,72.91666666666667
2017-06-30,35000,10.0,729.1666666666666,72.91666666666667
2017-07-31,35000,10.0,729.1666666666666,72.91666666666667
2017-08-31,35000,10.0,729.1666666666666,72.91666666666667
2017-09-30,35000,10.0,729.1666666666666,72.91666666666667
2017-10-31,35000,10.0,729.1666666666666,72.91666666666667
2017-11-30,35000,10.0,729.1666666666666,72.91666666666667
2017-12-31,35000,10.0,729.1666666666666,72.91666666666667
2018-01-31,35000,10.0,729.1666666666666,72.91666666666667
2018-02-28,35000,10.0,729.1666666666666,72.91666666666667
2018-03-31,35000,10.0,729.1666666666666,72.91666666666667
2018-04-30,35000,10.0,729.1666666666666,72.91666666666667
2018-05-31,35000,10.0,729.1666666666666,72.91666666666667
2018-06-30,35000,10.0,729.1666666666666,72.91666666666667
2018-07-31,35000,10.0,729.1666666666666,72.91666666666667
2018-08-31,35000,10.0,729.1666666666666,72.91666666666667
2018-09-30,35000,10.0,729.1666666666666,72.91666666666667
2018-10-31,35000,10.0,729.1666666666666,72.91666666666667
2018-11-30,35000,10.0,729.1666666666666,72.91666666666667
2018-12-31,35000,10.0,729.1666666666666,72.91666666666667
2019-01-31,35000,10.0,729.1666666666666,72.91666666666667
2019-02-28,35000,10.0,729.1666666666666,72.91666666666667
2019-03-31,35000,10.0,729.1666666666666,72.91666666666667
2019-04-30,35000,10.0,729.1666666666666,72.91666666666667
2019-05-31,35000,10.0,729.1666666666666,72.91666666666667
2019-06-30,35000,10.0,729.1666666666666,72.91666666666667
2019-07-31,35000,10.0,729.1666666666666,72.91666666666667
2019-08-31,35000,10.0,729.1666666666666,72.91666666666667
2019-09-30,35000,10.0,729.1666666666666,72.91666666666667
2019-10-31,35000,10.0,729.1666666666666,72.91666666666667
2019-11-30,35000,10.0,729.1666666666666,72.91666666666667
2019-12-31,35000,10.0,729.1666666666666,72.91666666666667
2020-01-31,35000,10.0,729.1666666666666,72.91666666666667
2020-02-29,35000,10.0,729.1666666666666,72.91666666666667
2020-03-31,35000,10.0,729.1666666666666,72.91666666666667
2020-04-30,35000,10.0,729.1666666666666,72.91666666666667
2020-05-31,35000,10.0,729.1666666666666,72.91666666666667
2020-06-30,35000,10.0,729.1666666666666,72.91666666666667
2020-07-31,35000,10.0,729.1666666666666,72.91666666666667
2020-08-31,35000,10.0,729.1666666666666,72.91666666666667
2020-09-30,35000,10.0,729.1666666666666,72.91666666666667
2020-10-31,35000,10.0,729.1666666666666,72.91666666666667
2020-11-30,35000,10.0,729.1666666666666,72.91666666666667
2020-12-31,35000,10.0,729.1666666666666,72.91666666666667
2021-01-31,35000,10.0,729.1666666666666,72.91666666666667
2021-02-28,35000,10.0,729.1666666666666,72.91666666666667
2021-03-31,35000,10.0,729.1666666666666,72.91666666666667
2021-04-30,35000,10.0,729.1666666666666,72.91666666666667
2021-05-31,35000,10.0,729.1666666666666,72.91666666666667
2021-06-30,35000,10.0,729.1666666666666,72.91666666666667
2021-07-31,35000,10.0,729.1666666666666,72.91666666666667
2021-08-31,35000,10.0,729.1666666666666,72.91666666666667
2021-09-30,35000,10.0,729.1666666666666,72.91666666666667
2021-10-31,35000,10.0,729.1666666666666,72.91666666666667
2021-11-30,35000,10.0,729.1666666666666,72.91666666666667
2021-12-31,35000,10.0,729.1666666666666,72.91666666666667
2022-01-31,35000,10.0,729.1666666666666,72.91666666666667
2022-02-28,35000,10.0,729.1666666666666,72.91666666666667
2022-03-31,35000,10.0,729.1666666666666,72.91666666666667
2022-04-30,35000,10.0,729.1666666666666,72.91666666666667
2022-05-31,35000,10.0,729.1666666666666,72.91666666666667
2022-06-30,35000,10.0,729.1666666666666,72.91666666666667
2022-07-31,35000,10.0,729.1666666666666,72.91666666666667
2022-08-31,35000,10.0,729.1666666666666,72.91666666666667
2022-09-30,35000,10.0,729.1666666666666,72.91666666666667
2022-10-31,35000,10.0,729.1666666666666,72.91666666666667
2022-11-30,35000,10.0,729.1666666666666,72.91666666666667
2022-12-31,35000,10.0,729.1666666666666,72.91666666666667
2023-01-31,35000,10.0,729.1666666666666,72.91666666666667
2023-02-28,35000,10.0,729.1666666666666,72.91666666666667
2023-03-31,35000,10.0,729.1666666666666,72.91666666666667
2023-04-30,35000,10.0,729.1666666666666,72.91666666666667
2023-05-31,35000,10.0,729.1666666666666,72.91666666666667
2023-06-30,35000,10.0,729.1666666666666,72.91666666666667
2023-07-31,35000,10.0,729.1666666666666,72.91666666666667
2023-08-31,35000,10.0,729.1666666666666,72.91666666666667
2023-09-30,35000,10.0,729.1666666666666,72.91666666666667
2023-10-31,35000,10.0,729.1666666666666,72.91666666666667
2023-11-30,35000,10.0,729.1666666666666,72.91666666666667
2023-12-31,35000,10.0,729.1666666666666,72.91666666666667
2015-01-31,50000,5.0,1041.6666666666667,52.08333333333334
2015-02-28,50000,5.0,1041.6666666666667,52.08333333333334
2015-03-31,50000,5.0,1041.6666666666667,52.08333333333334
2015-04-30,50000,5.0,1041.6666666666667,52.08333333333334
2015-05-31,50000,5.0,1041.6666666666667,52.08333333333334
2015-06-30,50000,5.0,1041.6666666666667,52.08333333333334
2015-07-31,50000,5.0,1041.6666666666667,52.08333333333334
2015-08-31,50000,5.0,1041.6666666666667,52.08333333333334
2015-09-30,50000,5.0,1041.6666666666667,52.08333333333334
2015-10-31,50000,5.0,1041.6666666666667,52.08333333333334
2015-11-30,50000,5.0,1041.6666666666667,52.08333333333334
2015-12-31,50000,5.0,1041.6666666666667,52.08333333333334
2016-01-31,50000,5.0,1041.6666666666667,52.08333333333334
2016-02-29,50000,5.0,1041.6666666666667,52.08333333333334
2016-03-31,50000,5.0,1041.6666666666667,52.08333333333334
2016-04-30,50000,5.0,1041.6666666666667,52.08333333333334
2016-05-31,50000,5.0,1041.6666666666667,52.08333333333334
2016-06-30,50000,5.0,1041.6666666666667,52.08333333333334
2016-07-31,50000,5.0,1041.6666666666667,52.08333333333334
2016-08-31,50000,5.0,1041.6666666666667,52.08333333333334
2016-09-30,50000,5.0,1041.6666666666667,52.08333333333334
2016-10-31,50000,5.0,1041.6666666666667,52.08333333333334
2016-11-30,50000,5.0,1041.6666666666667,52.08333333333334
2016-12-31,50000,5.0,1041.6666666666667,52.08333333333334
2017-01-31,50000,5.0,1041.6666666666667,52.08333333333334
2017-02-28,50000,5.0,1041.6666666666667,52.08333333333334
2017-03-31,50000,5.0,1041.6666666666667,52.08333333333334
2017-04-30,50000,5.0,1041.6666666666667,52.08333333333334
2017-05-31,50000,5.0,1041.6666666666667,52.08333333333334
2017-06-30,50000,5.0,1041.6666666666667,52.08333333333334
2017-07-31,50000,5.0,1041.6666666666667,52.08333333333334
2017-08-31,50000,5.0,1041.6666666666667,52.08333333333334
2017-09-30,50000,5.0,1041.6666666666667,52.08333333333334
2017-10-31,50000,5.0,1041.6666666666667,52.08333333333334
2017-11-30,50000,5.0,1041.6666666666667,52.08333333333334
2017-12-31,50000,5.0,1041.6666666666667,52.08333333333334
2018-01-31,50000,5.0,1041.6666666666667,52.08333333333334
2018-02-28,50000,5.0,1041.6666666666667,52.08333333333334
2018-03-31,50000,5.0,1041.6666666666667,52.08333333333334
2018-04-30,50000,5.0,1041.6666666666667,52.08333333333334
2018-05-31,50000,5.0,1041.6666666666667,52.08333333333334
2018-06-30,50000,5.0,1041.6666666666667,52.08333333333334
2018-07-31,50000,5.0,1041.6666666666667,52.08333333333334
2018-08-31,50000,5.0,1041.6666666666667,52.08333333333334
2018-09-30,50000,5.0,1041.6666666666667,52.08333333333334
2018-10-31,50000,5.0,1041.6666666666667,52.08333333333334
2018-11-30,50000,5.0,1041.6666666666667,52.08333333333334
2018-12-31,50000,5.0,1041.6666666666667,52.08333333333334
2019-01-31,50000,5.0,1041.6666666666667,52.08333333333334
2019-02-28,50000,5.0,1041.6666666666667,52.08333333333334
2019-03-31,50000,5.0,1041.6666666666667,52.08333333333334
2019-04-30,50000,5.0,1041.6666666666667,52.08333333333334
2019-05-31,50000,5.0,1041.6666666666667,52.08333333333334
2019-06-30,50000,5.0,1041.6666666666667,52.08333333333334
2019-07-31,50000,5.0,1041.6666666666667,52.08333333333334
2019-08-31,50000,5.0,1041.6666666666667,52.08333333333334
2019-09-30,50000,5.0,1041.6666666666667,52.08333333333334
2019-10-31,50000,5.0,1041.6666666666667,52.08333333333334
2019-11-30,50000,5.0,1041.6666666666667,52.08333333333334
2019-12-31,50000,5.0,1041.6666666666667,52.08333333333334
2020-01-31,50000,5.0,1041.6666666666667,52.08333333333334
2020-02-29,50000,5.0,1041.6666666666667,52.08333333333334
2020-03-31,50000,5.0,1041.6666666666667,52.08333333333334
2020-04-30,50000,5.0,1041.6666666666667,52.08333333333334
2020-05-31,50000,5.0,1041.6666666666667,52.08333333333334
2020-06-30,50000,5.0,1041.6666666666667,52.08333333333334
2020-07-31,50000,5.0,1041.6666666666667,52.08333333333334
2020-08-31,50000,5.0,1041.6666666666667,52.08333333333334
2020-09-30,50000,5.0,1041.6666666666667,52.08333333333334
2020-10-31,50000,5.0,1041.6666666666667,52.08333333333334
2020-11-30,50000,5.0,1041.6666666666667,52.08333333333334
2020-12-31,50000,5.0,1041.6666666666667,52.08333333333334
2021-01-31,50000,5.0,1041.6666666666667,52.08333333333334
2021-02-28,50000,5.0,1041.6666666666667,52.08333333333334
2021-03-31,50000,5.0,1041.6666666666667,52.08333333333334
2021-04-30,50000,5.0,1041.6666666666667,52.08333333333334
2021-05-31,50000,5.0,1041.6666666666667,52.08333333333334
2021-06-30,50000,5.0,1041.6666666666667,52.08333333333334
2021-07-31,50000,5.0,1041.6666666666667,52.08333333333334
2021-08-31,50000,5.0,1041.6666666666667,52.08333333333334
2021-09-30,50000,5.0,1041.6666666666667,52.08333333333334
2021-10-31,50000,5.0,1041.6666666666667,52.08333333333334
2021-11-30,50000,5.0,1041.6666666666667,52.08333333333334
2021-12-31,50000,5.0,1041.6666666666667,52.08333333333334
2022-01-31,50000,5.0,1041.6666666666667,52.08333333333334
2022-02-28,50000,5.0,1041.6666666666667,52.08333333333334
2022-03-31,50000,5.0,1041.6666666666667,52.08333333333334
2022-04-30,50000,5.0,1041.6666666666667,52.08333333333334
2022-05-31,50000,5.0,1041.6666666666667,52.08333333333334
2022-06-30,50000,5.0,1041.6666666666667,52.08333333333334
2022-07-31,50000,5.0,1041.6666666666667,52.08333333333334
2022-08-31,50000,5.0,1041.6666666666667,52.08333333333334
2022-09-30,50000,5.0,1041.6666666666667,52.08333333333334
2022-10-31,50000,5.0,1041.6666666666667,52.08333333333334
2022-11-30,50000,5.0,1041.6666666666667,52.08333333333334
2022-12-31,50000,5.0,1041.6666666666667,52.08333333333334
2023-01-31,50000,5.0,1041.6666666666667,52.08333333333334
2023-02-28,50000,5.0,1041.6666666666667,52.08333333333334
2023-03-31,50000,5.0,1041.6666666666667,52.08333333333334
2023-04-30,50000,5.0,1041.6666666666667,52.08333333333334
2023-05-31,50000,5.0,1041.6666666666667,52.08333333333334
2023-06-30,50000,5.0,1041.6666666666667,52.08333333333334
2023-07-31,50000,5.0,1041.6666666666667,52.08333333333334
2023-08-31,50000,5.0,1041.6666666666667,52.08333333333334
2023-09-30,50000,5.0,1041.6666666666667,52.08333333333334
2023-10-31,50000,5.0,1041.6666666666667,52.08333333333334
2023-11-30,50000,5.0,1041.6666666666667,52.08333333333334
2023-12-31,50000,5.0,1041.6666666666667,52.08333333333334
2015-01-31,50000,7.5,1041.6666666666667,78.125
2015-02-28,50000,7.5,1041.6666666666667,78.125
2015-03-31,50000,7.5,1041.6666666666667,78.125
2015-04-30,50000,7.5,1041.6666666666667,78.125
2015-05-31,50000,7.5,1041.6666666666667,78.125
2015-06-30,50000,7.5,1041.6666666666667,78.125
2015-07-31,50000,7.5,1041.6666666666667,78.125
2015-08-31,50000,7.5,1041.6666666666667,78.125
2015-09-30,50000,7.5,1041.6666666666667,78.125
2015-10-31,50000,7.5,1041.6666666666667,78.125
2015-11-30,50000,7.5,1041.6666666666667,78.125
2015-12-31,50000,7.5,1041.6666666666667,78.125
2016-01-31,50000,7.5,1041.6666666666667,78.125
2016-02-29,50000,7.5,1041.6666666666667,78.125
2016-03-31,50000,7.5,1041.6666666666667,78.125
2016-04-30,50000,7.5,1041.6666666666667,78.125
2016-05-31,50000,7.5,1041.6666666666667,78.125
2016-06-30,50000,7.5,1041.6666666666667,78.125
2016-07-31,50000,7.5,1041.6666666666667,78.125
2016-08-31,50000,7.5,1041.6666666666667,78.125
2016-09-30,50000,7.5,1041.6666666666667,78.125
2016-10-31,50000,7.5,1041.6666666666667,78.125
2016-11-30,50000,7.5,1041.6666666666667,78.125
2016-12-31,50000,7.5,1041.6666666666667,78.125
2017-01-31,50000,7.5,1041.6666666666667,78.125
2017-02-28,50000,7.5,1041.6666666666667,78.125
2017-03-31,50000,7.5,1041.6666666666667,78.125
2017-04-30,50000,7.5,1041.6666666666667,78.125
2017-05-31,50000,7.5,1041.6666666666667,78.125
2017-06-30,50000,7.5,1041.6666666666667,78.125
2017-07-31,50000,7.5,1041.6666666666667,78.125
2017-08-31,50000,7.5,1041.6666666666667,78.125
2017-09-30,50000,7.5,1041.6666666666667,78.125
2017-10-31,50000,7.5,1041.6666666666667,78.125
2017-11-30,50000,7.5,1041.6666666666667,78.125
2017-12-31,50000,7.5,1041.6666666666667,78.125
2018-01-31,50000,7.5,1041.6666666666667,78.125
2018-02-28,50000,7.5,1041.6666666666667,78.125
2018-03-31,50000,7.5,1041.6666666666667,78.125
2018-04-30,50000,7.5,1041.6666666666667,78.125
2018-05-31,50000,7.5,1041.6666666666667,78.125
2018-06-30,50000,7.5,1041.6666666666667,78.125
2018-07-31,50000,7.5,1041.6666666666667,78.125
2018-08-31,50000,7.5,1041.6666666666667,78.125
2018-09-30,50000,7.5,1041.6666666666667,78.125
2018-10-31,50000,7.5,1041.6666666666667,78.125
2018-11-30,50000,7.5,1041.6666666666667,78.125
2018-12-31,50000,7.5,1041.6666666666667,78.125
2019-01-31,50000,7.5,1041.6666666666667,78.125
2019-02-28,50000,7.5,1041.6666666666667,78.125
2019-03-31,50000,7.5,1041.6666666666667,78.125
2019-04-30,50000,7.5,1041.6666666666667,78.125
2019-05-31,50000,7.5,1041.6666666666667,78.125
2019-06-30,50000,7.5,1041.6666666666667,78.125
2019-07-31,50000,7.5,1041.6666666666667,78.125
2019-08-31,50000,7.5,1041.6666666666667,78.125
2019-09-30,50000,7.5,1041.6666666666667,78.125
2019-10-31,50000,7.5,1041.6666666666667,78.125
2019-11-30,50000,7.5,1041.6666666666667,78.125
2019-12-31,50000,7.5,1041.6666666666667,78.125
2020-01-31,50000,7.5,1041.6666666666667,78.125
2020-02-29,50000,7.5,1041.6666666666667,78.125
2020-03-31,50000,7.5,1041.6666666666667,78.125
2020-04-30,50000,7.5,1041.6666666666667,78.125
2020-05-31,50000,7.5,1041.6666666666667,78.125
2020-06-30,50000,7.5,1041.6666666666667,78.125
2020-07-31,50000,7.5,1041.6666666666667,78.125
2020-08-31,50000,7.5,1041.6666666666667,78.125
2020-09-30,50000,7.5,1041.6666666666667,78.125
2020-10-31,50000,7.5,1041.6666666666667,78.125
2020-11-30,50000,7.5,1041.6666666666667,78.125
2020-12-31,50000,7.5,1041.6666666666667,78.125
2021-01-31,50000,7.5,1041.6666666666667,78.125
2021-02-28,50000,7.5,1041.6666666666667,78.125
2021-03-31,50000,7.5,1041.6666666666667,78.125
2021-04-30,50000,7.5,1041.6666666666667,78.125
2021-05-31,50000,7.5,1041.6666666666667,78.125
2021-06-30,50000,7.5,1041.6666666666667,78.125
2021-07-31,50000,7.5,1041.6666666666667,78.125
2021-08-31,50000,7.5,1041.6666666666667,78.125
2021-09-30,50000,7.5,1041.6666666666667,78.125
2021-10-31,50000,7.5,1041.6666666666667,78.125
2021-11-30,50000,7.5,1041.6666666666667,78.125
2021-12-31,50000,7.5,1041.6666666666667,78.125
2022-01-31,50000,7.5,1041.6666666666667,78.125
2022-02-28,50000,7.5,1041.6666666666667,78.125
2022-03-31,50000,7.5,1041.6666666666667,78.125
2022-04-30,50000,7.5,1041.6666666666667,78.125
2022-05-31,50000,7.5,1041.6666666666667,78.125
2022-06-30,50000,7.5,1041.6666666666667,78.125
2022-07-31,50000,7.5,1041.6666666666667,78.125
2022-08-31,50000,7.5,1041.6666666666667,78.125
2022-09-30,50000,7.5,1041.6666666666667,78.125
2022-10-31,50000,7.5,1041.6666666666667,78.125
2022-11-30,50000,7.5,1041.6666666666667,78.125
2022-12-31,50000,7.5,1041.6666666666667,78.125
2023-01-31,50000,7.5,1041.6666666666667,78.125
2023-02-28,50000,7.5,1041.6666666666667,78.125
2023-03-31,50000,7.5,1041.6666666666667,78.125
2023-04-30,50000,7.5,1041.6666666666667,78.125
2023-05-31,50000,7.5,1041.6666666666667,78.125
2023-06-30,50000,7.5,1041.6666666666667,78.125
2023-07-31,50000,7.5,1041.6666666666667,78.125
2023-08-31,50000,7.5,1041.6666666666667,78.125
2023-09-30,50000,7.5,1041.6666666666667,78.125
2023-10-31,50000,7.5,1041.6666666666667,78.125
2023-11-30,50000,7.5,1041.6666666666667,78.125
2023-12-31,50000,7.5,1041.6666666666667,78.125
2015-01-31,50000,10.0,1041.6666666666667,104.16666666666669
2015-02-28,50000,10.0,1041.6666666666667,104.16666666666669
2015-03-31,50000,10.0,1041.6666666666667,104.16666666666669
2015-04-30,50000,10.0,1041.6666666666667,104.16666666666669
2015-05-31,50000,10.0,1041.6666666666667,104.16666666666669
2015-06-30,50000,10.0,1041.6666666666667,104.16666666666669
2015-07-31,50000,10.0,1041.6666666666667,104.16666666666669
2015-08-31,50000,10.0,1041.6666666666667,104.16666666666669
2015-09-30,50000,10.0,1041.6666666666667,104.16666666666669
2015-10-31,50000,10.0,1041.6666666666667,104.16666666666669
2015-11-30,50000,10.0,1041.6666666666667,104.16666666666669
2015-12-31,50000,10.0,1041.6666666666667,104.16666666666669
2016-01-31,50000,10.0,1041.6666666666667,104.16666666666669
2016-02-29,50000,10.0,1041.6666666666667,104.16666666666669
2016-03-31,50000,10.0,1041.6666666666667,104.16666666666669
2016-04-30,50000,10.0,1041.6666666666667,104.16666666666669
2016-05-31,50000,10.0,1041.6666666666667,104.16666666666669
2016-06-30,50000,10.0,1041.6666666666667,104.16666666666669
2016-07-31,50000,10.0,1041.6666666666667,104.16666666666669
2016-08-31,50000,10.0,1041.6666666666667,104.16666666666669
2016-09-30,50000,10.0,1041.6666666666667,104.16666666666669
2016-10-31,50000,10.0,1041.6666666666667,104.16666666666669
2016-11-30,50000,10.0,1041.6666666666667,104.16666666666669
2016-12-31,50000,10.0,1041.6666666666667,104.16666666666669
2017-01-31,50000,10.0,1041.6666666666667,104.16666666666669
2017-02-28,50000,10.0,1041.6666666666667,104.16666666666669
2017-03-31,50000,10.0,1041.6666666666667,104.16666666666669
2017-04-30,50000,10.0,1041.6666666666667,104.16666666666669
2017-05-31,50000,10.0,1041.6666666666667,104.16666666666669
2017-06-30,50000,10.0,1041.6666666666667,104.16666666666669
2017-07-31,50000,10.0,1041.6666666666667,104.16666666666669
2017-08-31,50000,10.0,1041.6666666666667,104.16666666666669
2017-09-30,50000,10.0,1041.6666666666667,104.16666666666669
2017-10-31,50000,10.0,1041.6666666666667,104.16666666666669
2017-11-30,50000,10.0,1041.6666666666667,104.16666666666669
2017-12-31,50000,10.0,1041.6666666666667,104.16666666666669
2018-01-31,50000,10.0,1041.6666666666667,104.16666666666669
2018-02-28,50000,10.0,1041.6666666666667,104.16666666666669
2018-03-31,50000,10.0,1041.6666666666667,104.16666666666669
2018-04-30,50000,10.0,1041.6666666666667,104.16666666666669
2018-05-31,50000,10.0,1041.6666666666667,104.16666666666669
2018-06-30,50000,10.0,1041.6666666666667,104.16666666666669
2018-07-31,50000,10.0,1041.6666666666667,104.16666666666669
2018-08-31,50000,10.0,1041.6666666666667,104.16666666666669
2018-09-30,50000,10.0,1041.6666666666667,104.16666666666669
2018-10-31,50000,10.0,1041.6666666666667,104.16666666666669
2018-11-30,50000,10.0,1041.6666666666667,104.16666666666669
2018-12-31,50000,10.0,1041.6666666666667,104.16666666666669
2019-01-31,50000,10.0,1041.6666666666667,104.16666666666669
2019-02-28,50000,10.0,1041.6666666666667,104.16666666666669
2019-03-31,50000,10.0,1041.6666666666667,104.16666666666669
2019-04-30,50000,10.0,1041.6666666666667,104.16666666666669
2019-05-31,50000,10.0,1041.6666666666667,104.16666666666669
2019-06-30,50000,10.0,1041.6666666666667,104.16666666666669
2019-07-31,50000,10.0,1041.6666666666667,104.16666666666669
2019-08-31,50000,10.0,1041.6666666666667,104.16666666666669
2019-09-30,50000,10.0,1041.6666666666667,104.16666666666669
2019-10-31,50000,10.0,1041.6666666666667,104.16666666666669
2019-11-30,50000,10.0,1041.6666666666667,104.16666666666669
2019-12-31,50000,10.0,1041.6666666666667,104.16666666666669
2020-01-31,50000,10.0,1041.6666666666667,104.16666666666669
2020-02-29,50000,10.0,1041.6666666666667,104.16666666666669
2020-03-31,50000,10.0,1041.6666666666667,104.16666666666669
2020-04-30,50000,10.0,1041.6666666666667,104.16666666666669
2020-05-31,50000,10.0,1041.6666666666667,104.16666666666669
2020-06-30,50000,10.0,1041.6666666666667,104.16666666666669
2020-07-31,50000,10.0,1041.6666666666667,104.16666666666669
2020-08-31,50000,10.0,1041.6666666666667,104.16666666666669
2020-09-30,50000,10.0,1041.6666666666667,104.16666666666669
2020-10-31,50000,10.0,1041.6666666666667,104.16666666666669
2020-11-30,50000,10.0,1041.6666666666667,104.16666666666669
2020-12-31,50000,10.0,1041.6666666666667,104.16666666666669
2021-01-31,50000,10.0,1041.6666666666667,104.16666666666669
2021-02-28,50000,10.0,1041.6666666666667,104.16666666666669
2021-03-31,50000,10.0,1041.6666666666667,104.16666666666669
2021-04-30,50000,10.0,1041.6666666666667,104.16666666666669
2021-05-31,50000,10.0,1041.6666666666667,104.16666666666669
2021-06-30,50000,10.0,1041.6666666666667,104.16666666666669
2021-07-31,50000,10.0,1041.6666666666667,104.16666666666669
2021-08-31,50000,10.0,1041.6666666666667,104.16666666666669
2021-09-30,50000,10.0,1041.6666666666667,104.16666666666669
2021-10-31,50000,10.0,1041.6666666666667,104.16666666666669
2021-11-30,50000,10.0,1041.6666666666667,104.16666666666669
2021-12-31,50000,10.0,1041.6666666666667,104.16666666666669
2022-01-31,50000,10.0,1041.6666666666667,104.16666666666669
2022-02-28,50000,10.0,1041.6666666666667,104.16666666666669
2022-03-31,50000,10.0,1041.6666666666667,104.16666666666669
2022-04-30,50000,10.0,1041.6666666666667,104.16666666666669
2022-05-31,50000,10.0,1041.6666666666667,104.16666666666669
2022-06-30,50000,10.0,1041.6666666666667,104.16666666666669
2022-07-31,50000,10.0,1041.6666666666667,104.16666666666669
2022-08-31,50000,10.0,1041.6666666666667,104.16666666666669
2022-09-30,50000,10.0,1041.6666666666667,104.16666666666669
2022-10-31,50000,10.0,1041.6666666666667,104.16666666666669
2022-11-30,50000,10.0,1041.6666666666667,104.16666666666669
2022-12-31,50000,10.0,1041.6666666666667,104.16666666666669
2023-01-31,50000,10.0,1041.6666666666667,104.16666666666669
2023-02-28,50000,10.0,1041.6666666666667,104.16666666666669
2023-03-31,50000,10.0,1041.6666666666667,104.16666666666669
2023-04-30,50000,10.0,1041.6666666666667,104.16666666666669
2023-05-31,50000,10.0,1041.6666666666667,104.16666666666669
2023-06-30,50000,10.0,1041.6666666666667,104.16666666666669
2023-07-31,50000,10.0,1041.6666666666667,104.16666666666669
2023-08-31,50000,10.0,1041.6666666666667,104.16666666666669
2023-09-30,50000,10.0,1041.6666666666667,104.16666666666669
2023-10-31,50000,10.0,1041.6666666666667,104.16666666666669
2023-11-30,50000,10.0,1041.6666666666667,104.16666666666669
2023-12-31,50000,10.0,1041.6666666666667,104.16666666666669
